videoId,category,viewCount,likeCount
3yd_eoMOvqk,Shows,442373914,3372698
eYfFDaPdkWc,Shows,33187281,1590003
PnAMEe0GGG8,Shows,331672629,1153546
DUZM0ux60-Q,Shows,52437406,943997
kePAl0YbmbM,Shows,40369033,694362
Rmp6zIr5y4U,Shows,98470183,612924
soC-46cfs_w,Shows,205801988,594265
oNWOC_Pvo4w,Shows,84662605,544094
2OFKM2G-dE8,Shows,22897795,513664
kiuucxNmY-w,Shows,77305845,487678
YR5ApYxkU-U,Education,282963595,1224816
dqTTojTija8,Education,8924333,522518
iKcWu0tsiZM,Education,9165397,287648
y_ZmM7zPLyI,Education,8758650,202172
Qn_dcNw57tQ,Education,9265088,180925
L0jQz6jqQS0,Education,14980762,177625
MhS6oqwwOhw,Education,11061669,161460
CRXTTpooen8,Education,15035938,146869
iG9CE55wbtY,Education,13906100,134329
xp2qjshr-r4,Education,6368155,123489
sOnqjkJTMaA,Thriller,471837374,2174469
3cxixDgHUYw,Thriller,32988988,409056
hXsDQLR8lns,Thriller,5026806,214929
4V90AmXnguw,Thriller,44303111,196733
hMnk7lh9M3o,Thriller,58030189,142653
G_JtNhTzg5s,Thriller,19307680,139847
xIx_HbmRnQY,Thriller,33638573,131223
khE7pSOgDbA,Thriller,9007893,108303
CiZBw9Memrc,Thriller,16094909,106597
lTEzfj8IAR0,Thriller,3459024,94542
KHoOrFdgYR8,Gaming,23284215,308811
z7KgCe8jSVA,Gaming,9414351,264692
-4yI-VEA8pw,Gaming,34565016,258951
UGLdDM6Qs4A,Gaming,2866303,230747
JkmaBqZa2vY,Gaming,7595930,208405
nzZrBWLaxfg,Gaming,11055970,206567
LXOaCkbt4lI,Gaming,5058498,202393
IXx6JCi0jjE,Gaming,6459473,197170
O-hjz5Cw8EY,Gaming,5917468,172552
Ju82YfQw7DA,Gaming,2220176,157385
tJ7JcweIOZ4,Entertainment,93433865,516080
Ku_FYERiHC8,Entertainment,6427548,223920
IsPFDzAGb4A,Entertainment,34943007,187615
39udgGPyYMg,Entertainment,10486334,126912
Tk2ojsflPws,Entertainment,41349570,124318
sAOzrChqmd0,Entertainment,4584385,95296
29JBFme4k1A,Entertainment,5252513,92310
xgMHAcF0ggY,Entertainment,4762750,81792
9pqGGChiAjM,Entertainment,18334379,77791
QHoqD47gQG8,Entertainment,2646626,68975
HvfBz-kbbz8,Videoblogging,827778,26651
4LwVYPGfRZQ,Videoblogging,2010633,15179
h9nLubLxuLc,Videoblogging,442077,14154
yQgIyPO0v-I,Videoblogging,216872,6428
sUF42fC7mV4,Videoblogging,414126,6182
HXDqZaYs4k4,Videoblogging,193042,5826
3IE9QkmdW5g,Videoblogging,111514,5731
TxyvS85GyqM,Videoblogging,4220480,4229
zVvx7oxz4VQ,Videoblogging,69770,3790
0jzgL5KzBQ0,Videoblogging,155953,3482
iqKdEhx-dD4,Travel & Events,15461398,313361
cOqKQ-8X-Yo,Travel & Events,21709243,293602
nwpj9_hrK_A,Travel & Events,20188679,275722
lbYIUnV8u7E,Travel & Events,27740348,163480
chLOgj8xjx8,Travel & Events,4066545,135598
efyvBo5timY,Travel & Events,5545410,118770
Rip0bX2qrIs,Travel & Events,19094255,111642
9mVRc80vhhQ,Travel & Events,5502680,110682
7oaGUg7ik_c,Travel & Events,8266229,84939
0d37JP1vZk8,Travel & Events,1405039,82524
VzudVzZE7LE,Science & Technology,38819781,167659
HpaHvUOk3F0,Science & Technology,7720778,134460
VoLZXXQL-YY,Science & Technology,17414189,123156
mpw_FB2QrjQ,Science & Technology,4478463,74061
-vZXgApsPCQ,Science & Technology,1288291,53162
vHbLRf3C9KI,Science & Technology,5590103,48211
UBuH1b0Dqm0,Science & Technology,1192343,20208
_h2VmkM5nXE,Science & Technology,18136331,17190
SV6VeSoBEag,Science & Technology,1092623,16151
t0R0Xr0e-uk,Science & Technology,2917241,10107
NGLxoKOvzu4,Foreign,936179527,4627276
6Prfg3vyZkA,Foreign,99783277,898311
bWpgmTJdKuk,Foreign,7483717,352633
1igqFmRhqB0,Foreign,3622292,318259
Bw2w3oCROR8,Foreign,28515417,291347
cjj2E9dwjjU,Foreign,60807128,265085
WzmJ1KrU62I,Foreign,19014287,239525
ItHJ2KpNTT0,Foreign,3432019,197674
ISYSXuTEhtQ,Foreign,12766952,109343
pZOF9q5fzfs,Foreign,13579229,104957
GUM-broRYeE,Sports,3419007,315549
_lyAEL4Wqao,Sports,44512978,270346
gpJlZBcKBXg,Sports,6444741,206153
IsseCwNjCag,Sports,17604920,199890
ow8BD5yr1D4,Sports,4286185,195039
RarH_KPQTSs,Sports,9208997,159893
pglMl92P-OA,Sports,5689640,119406
IM4RbLLxoq0,Sports,11707930,119062
vE56yL6g8ck,Sports,1809362,103031
kJBLEPMcX2s,Sports,20937317,93935
SC4xMk98Pdc,Drama,602164892,3306279
xKKeqlBQ3Js,Drama,382354218,1549893
TQ5DUv_ZwRg,Drama,130121977,1421030
py6GDNgye6k,Drama,196520852,817738
Q-GOFPM01d0,Drama,128436647,767077
b7gor9UB7Qg,Drama,61457918,587770
9W44NWYwa1g,Drama,31399981,378270
OrV71Fny7h8,Drama,40910815,275406
yMfgjVlGbUE,Drama,14195449,271546
Bid124zAoB0,Drama,56627073,258398
AYyPqme2wZU,Documentary,41528339,291506
BXyfCGDnuWs,Documentary,8208467,261023
Dyg32hMf7Fk,Documentary,39215855,233952
n1GUQVo1Lps,Documentary,28151435,211288
UQq7C2hwXu0,Documentary,14357351,173845
hfWBZvy10PM,Documentary,4282072,149780
j-xxis7hDOE,Documentary,10809262,105846
0NChtZCDCsY,Documentary,10543655,93357
3R3cvbLsbAk,Documentary,6088212,88720
NGOjFhKeLiU,Documentary,7030016,77731
k0ERi0Bt8Gk,Howto & Style,117923884,591158
5LYAEz777AU,Howto & Style,40944877,308977
QjLnDPiOVAI,Howto & Style,3045614,271708
u78o--26-Uc,Howto & Style,4189407,252422
sYUJAyT-afo,Howto & Style,25302818,217807
ajsbctOPOPs,Howto & Style,19567014,209986
fQo7P9VkFaA,Howto & Style,8712800,202258
xGaP1Ob7KaU,Howto & Style,4925368,201513
tfMfkRLPXHA,Howto & Style,6512756,190767
H7Xm2WWVc4Q,Howto & Style,20123819,168445
GW_fdXHOWp4,Anime/Animation,85734917,1212013
qqob4D3BoZc,Anime/Animation,103853803,791724
fzQ6gRAEoy0,Anime/Animation,26445291,738202
0KACM7nbTgg,Anime/Animation,8668862,483118
Wv2rLZmbPMA,Anime/Animation,96989806,482628
LA8yA5t-Wjk,Anime/Animation,21249716,432059
pZ10lwZYtM0,Anime/Animation,21770298,358909
VFlZXlfda6Y,Anime/Animation,56900544,333955
6QFwo57WKwg,Anime/Animation,60067665,331058
qdbCNXMRHmo,Anime/Animation,15301408,275887
EA_fbT6oN2k,Film & Animation,845014924,1411707
dNJdJIwCF_Y,Film & Animation,67902806,449369
LOMbySJTKpg,Film & Animation,15902957,327114
yQkvayPz3iw,Film & Animation,10500243,262250
pVmV0dgWWBs,Film & Animation,11379884,252032
YDXOioU_OKM,Film & Animation,7629477,236586
FBoFHc_DrBw,Film & Animation,8015272,195904
C2IsjOaZFZI,Film & Animation,7852938,169608
Cimp-eTe3MU,Film & Animation,90657318,163272
JuyB7NO0EYY,Film & Animation,23750925,147652
xgrBACVLrWc,Sci-Fi/Fantasy,26132244,170117
pZT-FZqfxZA,Sci-Fi/Fantasy,2569131,52061
bzOgC8fD6xA,Sci-Fi/Fantasy,10013852,49599
Qoo7_9uRDbM,Sci-Fi/Fantasy,5082909,39493
A8LRxIANzQs,Sci-Fi/Fantasy,2371354,32297
NXPYGK3O1Y8,Sci-Fi/Fantasy,4519856,19917
izw22kGVGzc,Sci-Fi/Fantasy,445366,16187
hqoo_4wSkdg,Sci-Fi/Fantasy,677731,14656
W8GGfJInPcY,Sci-Fi/Fantasy,3755216,13862
h871oE5QkTU,Sci-Fi/Fantasy,458984,13126
aatr_2MstrI,Family,546019027,2977793
uZNssUPCfic,Family,36532754,1206814
Xw6k6Ma0oqo,Family,82475382,971420
Mnz5XWGE0uo,Family,9367883,508562
yd1CUGVOZg4,Family,9604617,383676
lrGnCqsSN38,Family,14007350,379329
n1JBqWBQCCQ,Family,6633427,347472
znlFu_lemsU,Family,84277941,324045
pHH9P3d5zN0,Family,15895220,297481
Q6At7vqiA_A,Family,13666528,285652
_dK2tDK9grQ,People & Blogs,740893342,4311575
rKIw6aQ-XaU,People & Blogs,13349212,1873197
TnmEX6mpSHE,People & Blogs,16101606,1052418
9l5U4vRzLM0,People & Blogs,13809562,793985
SlV2f8OWTRk,People & Blogs,22753736,718360
e94dPH4A8sE,People & Blogs,18174905,696126
temrc8qgh6I,People & Blogs,8608363,624328
KAAkWbTsS5g,People & Blogs,10161065,578974
cVDFBIf0KRs,People & Blogs,21061907,550758
LvTs2-gnv8A,People & Blogs,10822828,532057
gneBUA39mnI,News & Politics,35537459,515126
_aFo_BV-UzI,News & Politics,6916722,147883
RBTiTcHm_ac,News & Politics,2226324,41422
4pS4x8hXQ5c,News & Politics,804388,30405
BGeyc4nGEts,News & Politics,2327334,19649
NyBqfzs-Gzk,News & Politics,1095085,17818
6mH_mMAAwbc,News & Politics,13166882,13163
1IDF-8khS3w,News & Politics,511444,11254
J4DDUcUcmPI,News & Politics,1397037,10420
4MYEZbyyBJw,News & Politics,1011111,10330
nGeKSiCQkPw,Pets & Animals,190611562,848959
RVJbKPW3Crs,Pets & Animals,246073089,377224
6v6RLUb2TQQ,Pets & Animals,87146628,312773
V4LnorVVxfw,Pets & Animals,115527252,306522
_vx1OVLX5Rc,Pets & Animals,92852157,274551
RKBcs9tNWg8,Pets & Animals,51159176,232611
kI4yoXyb1_M,Pets & Animals,38007159,189327
r77sNKZV26g,Pets & Animals,17855941,176173
okUWga1mTQU,Pets & Animals,6789557,169287
D-9Gz8k9I-k,Pets & Animals,6145623,155551
zAXIxlVjuA8,Movies,17840489,435268
axjigH8di_k,Movies,112768788,403502
xvznP5Kj_U0,Movies,60669403,359040
iROLBXa1BkQ,Movies,6123474,314036
WysgZO0Nt5M,Movies,13458465,239096
4riem49Yjus,Movies,8585346,230352
xzzFOX_iDew,Movies,3251513,225160
ekArQQnDImc,Movies,32103709,210169
QinQAhMxHtg,Movies,31417059,197045
PSEYXWmEse8,Movies,28483250,188574
0G7msqrqJ3Q,Autos & Vehicles,179535675,252451
110JLYJAYJ0,Autos & Vehicles,7528620,175069
fGr0oifJMEI,Autos & Vehicles,6259870,120323
rwt9K9PWMcU,Autos & Vehicles,16354628,103247
auQgOtveQi0,Autos & Vehicles,7059503,91769
zpoIiHGRm5k,Autos & Vehicles,14781053,75327
tpDHmGkdJQ0,Autos & Vehicles,9185465,72145
rItMVlJfsfI,Autos & Vehicles,7936774,62448
h9n37N_a9HI,Autos & Vehicles,9263900,62351
qJF3ywpGj_U,Autos & Vehicles,6401654,61118
4Ba_qTPA4Ds,Classics,90330599,738616
UJ_3L72r39I,Classics,18248470,555072
Rb0UmrCXxVA,Classics,135357376,534983
X4bogD3eUOc,Classics,80865968,462994
jgpJVI3tDbY,Classics,60346840,343908
HSOtku1j600,Classics,15072558,248958
kOUPbSakz9M,Classics,6197607,137580
_sI_Ps7JSEk,Classics,15193507,124314
AWgDP8PQWRY,Classics,17773292,111644
PLxJBDULNEg,Classics,7024662,109770
rEzbixK5zBc,Action/Adventure,8665404,78656
Dx1hzl7to7g,Action/Adventure,35640093,62400
KMHkL7jVQxs,Action/Adventure,3296741,30996
Ktjdg3zgRzk,Action/Adventure,1514288,21153
-4xhpKLmx60,Action/Adventure,2628329,19774
vZsG7WJVZv8,Action/Adventure,7587850,15256
GNTx_tGaLHw,Action/Adventure,5753275,13715
4_QAmWJHbSQ,Action/Adventure,2323304,13339
hEE-l4jwKq8,Action/Adventure,737193,11100
5hhkS-p0ZvM,Action/Adventure,1732953,8835
kJQP7kiw5Fk,Music,4533979297,24695493
CevxZvSJLk8,Music,2375534511,7373554
nfWlot6h_JM,Music,2456176288,6895220
PMivT7MJ41M,Music,1088586498,6251666
uxpDa-c-4Mc,Music,1332556146,5811318
jofNR_WkoCE,Music,716969569,5221741
k2qgadSvNyU,Music,797035311,5011627
ALZHF5UqnU4,Music,659365596,4819412
y6Sxv-sUYtM,Music,992333084,4328697
LHCob76kigA,Music,623942280,3765640
uh4dTLJ9q9o,Short Movies,75744922,636520
gj0Rz-uP4Mk,Short Movies,103739899,530075
AHnpmqaq91Q,Short Movies,7684654,257241
IP8psM4LWXk,Short Movies,12343046,231230
4F5oD7G40ng,Short Movies,9353724,188685
fzrfrXhE-w4,Short Movies,60984198,172713
vmPvjZKBNYY,Short Movies,3498066,138990
bR0JkeEdkdE,Short Movies,12991170,132167
zON0wDD7VJY,Short Movies,6173077,123372
4xe72U7mXNg,Short Movies,12274854,109677
31rcLocEXy0,Nonprofits & Activis,4756917,232214
fzZ-aRgjyVk,Nonprofits & Activis,249640,21368
7mamVI4UPYQ,Nonprofits & Activis,275812,11782
cByzDM18oNQ,Nonprofits & Activis,613798,9039
AiTid1kiXM4,Nonprofits & Activis,488634,7263
Ljm5225B_cg,Nonprofits & Activis,1893407,5440
AlvLJUrbhKo,Nonprofits & Activis,1014834,5373
UsgeXubzhf4,Nonprofits & Activis,86698,3020
K_5fZEUePvk,Nonprofits & Activis,68703,2000
jmgMEUO56io,Nonprofits & Activis,65377,1914
rtOvBOTyX00,Horror,755409476,4861471
2Vv-BfVoq4g,Horror,326021964,3565420
nSDgHBxUbVQ,Horror,487811977,2995229
6ZfuNTqbHE8,Horror,104715572,2729737
S9bCLPwzSC0,Horror,336945897,1758447
FnCdOQsX5kc,Horror,45818742,434399
Mn7w_n7_Kp4,Horror,16224885,362553
5a-cLsWwT5c,Horror,49726261,324872
sDKPtObKlcw,Horror,4260803,259237
FPAk81X3tTY,Horror,9408110,196013
c73Cu3TQnlg,Shorts,1028447071,3151550
ws00k_lIQ9U,Shorts,446056051,2429459
2vMH8lITTCE,Shorts,158515691,1511330
Dtm5nMlqq1Q,Shorts,250300730,406801
_kgz8BFwlnk,Shorts,13909958,274913
Gltp0iSA-60,Shorts,123999901,228889
wzJOyEGALIY,Shorts,155966947,219487
m5TIDDx57-0,Shorts,16642034,206621
ew_rSv8uAMM,Shorts,16414688,187875
o3XnXdBEZI0,Shorts,16931097,152543
ZojR9U9mpRQ,Comedy,35658500,652395
eIVxPRqgtD4,Comedy,55093936,323903
Zu9VD4YrZ5M,Comedy,18206354,270598
fcbj8BBsWSA,Comedy,35378677,251368
mtk5Ej-xLsM,Comedy,28880356,173803
qppUz89i7O8,Comedy,72911655,142893
kH6QJzmLYtw,Comedy,15032190,136494
8q4xY8NO7yQ,Comedy,7497822,127011
mPCDQ34S8Rs,Comedy,9657113,120435
SsWrY77o77o,Comedy,37682924,101014
JGwWNGJdvx8,Trailers,2896661638,14107120
FM7MFYoylVs,Trailers,865789176,4314817
7wtfhZwyrcc,Trailers,358284706,3366600
7F37r50VUTQ,Trailers,421551737,2883134
-PH4S7IPQxU,Trailers,326602110,2805270
UrT0zCmsN8c,Trailers,504214570,2706620
9DwzBICPhdM,Trailers,171302095,2659514
xEeFrLSkMm8,Trailers,134312072,2505031
K0ibBPhiaG0,Trailers,265327367,1832508
IZ1t7CwfvEc,Trailers,79510929,1334835
