_1,_2
286,of
279,world
279,the
275,news
272,global
271,signs
270,breaking
270,times
270,days
270,end
270,last
270,timenews
107,#bourneroot
105,#bibleprophecy
105,#watchers
105,#endofdays
105,#iwillnotshutup
30,Jesus
27,Bible
27,God
26,Church
23,Gospel
21,Christ
20,The Bridge
20,Christian
20,Rancho Cordova
20,John Piper
20,house church
19,Nonprofits & Activism
17,activism
16,cancer
16,cancer research
16,cancer treatment
15,bone disease
15,blood cancer
15,bone marrow
15,bone marrow cancer
15,susie novis
15,bone cancer
15,myeloma
15,multiple myeloma
15,multiple myeloma cancer
15,blood plasma cancer
15,dr brian durie
15,bone marrow disease
14,Education
13,Entertainment
12,nonprofit
12,Activism
12,love
12,salvation
12,islam
12,religion
12,Nonprofits and Activism
11,politics
11,faith
10,Nonprofits
10,islamic songs
9,best islamic scholars
9,best islamic names
9,best islamic apps
9,best islamic song
9,best islamic quotes
9,best islamic websites
9,best islamic books in english
9,Blogs
9,Music
9,best islamic songs
9,best islamic school in usa
9,best islamic books
9,best islamic movies
9,best islamic lectures
9,video
8,atheism
8,muslim
8,christianity
8,exodus
8,islamic videos bangla
8,Heroin
8,sin
8,Events
8,nonprofits & activism
7,Addicts Lives Matter
7,Heroin Overdose
7,islamic
7,Comedy
7,islamic miracles videos
7,Film & Animation
7,Heroin Addiction
7,People
7,Christmas
7,best islamic girl names
7,Heroin Addict
7,god
7,yt:cc=on
7,sanctification
6,Awareness
6,music
6,for
6,to
6,nonprofits
6,Obama
6,Drugs
6,muhammad
6,war
6,heaven
6,Addiction
6,Google +
6,animation
6,islamic videos for kids
6,Heroin Awareness
6,islamic videos in english
6,animals
6,Heroin Epidemic
6,ADDICTSLIVESMATTER
5,Angels
5,environment
5,Pets
5,Lord
5,and
5,islamic videos videos
5,Demons
5,Community
5,economy
5,gay
5,Overdose
5,forgiveness
5,Film
5,death
5,nonprofits &amp; activism
5,rights
5,Earth
5,News
5,bible
5,Heroin Crisis
5,Heroin Education
5,YouTube Editor
5,Revelation
5,Howto
5,Truth
5,short
5,life
5,anonymous
4,English
4,The
4,#praise and worhsip
4,Heroin Stigma
4,Deacon Darrell Wentworth
4,lifegiver
4,Jesus Christ
4,Filipino Artis
4,lifesaver
4,events
4,earth
4,atheist
4,straight
4,righteousness
4,holiness
4,quran
4,Video
4,Yeshua
4,social
4,United States
4,change
4,advocacy
4,belief
4,Darrell Wentworth
4,Dental
4,Heroin Death
4,Awakening the Domestic Church
4,#live band
4,glbt
4,Animals
4,Flat
4,funny
4,Addicts
4,religious
4,Father Cantalamessa
4,homosexuality
4,Lithium;
4,repentance
4,lesbian
4,queer
4,Darrel Wentworth
4,justice
4,Gaming
4,ADC
4,Politics
4,Government
4,TEDxTalks
4,Islam (Religion)
4,#music
4,freedom
4,worship
4,jesus
4,murder
4,nature
4,Cantalamessa
4,allah
4,Minerals
4,equality
4,homophobia
4,fb
4,islamic videos free download
4,technology
4,Jamaica
4,on
4,Argosy
4,fun
3,new
3,Holland
3,investation
3,bisexual
3,atonement
3,Pets & Animals
3,states
3,4:2:0
3,philanthropy
3,visitflorida
3,Spiritual Disciplines
3,Prayer to the Holy Spirit
3,businessworld
3,subsampling:
3,Holy
3,tourguide
3,Indonesia
3,Negril
3,with
3,visitbali
3,Catholic Spiritual Direction
3,spreaker
3,visitsweden
3,sony
3,Spiritual Warefare Prayers
3,I'm I
3,bush
3,Addict
3,st joseph cathedral
3,visitnewzeland
3,jonas
3,Religion (TV Genre)
3,alone
3,bigotry
3,live
3,Hope
3,Life
3,Sermon
3,hell
3,backpacker
3,christ
3,travelbag
3,real estate
3,vampire
3,internetmoney
3,addiction
3,Moses
3,movie
3,american
3,Planetx
3,Baptism
3,Buffalo
3,blog
3,Baptism in the Holy Spirit
3,Occult Wisdom
3,nick
3,satan
3,equal
3,Autos
3,Science
3,media
3,gears
3,Sandals
3,equity
3,Virginia
3,Facebook
3,Prayer
3,vehicles
3,series
3,visitUsa
3,intolerance
3,bias
3,book
3,community
3,transgender
3,word of God
3,best islamic lecture
3,relationship with God
3,visitfinland
3,research
3,End
3,Suffolk
3,New Branch Community Church
3,argument
3,visitslovakia
3,lgbt
3,alex
3,Windsor
3,peace
3,The Holy Spirit
3,eternal life
3,Children
3,discrimination
3,sports
3,visitPhiladelphia
3,Wormwood
3,YHWH
3,visitbritain
3,style
3,tourist
3,World
3,travelingvideo
3,youtube
3,visitlondon
3,are
3,anime
3,Rapture
3,leadership
3,Prayers of the Rosary
3,Chroma
3,Prophecy
3,batamisland
3,Hermetic Principles
3,visitorlando
3,intelligent
3,anger
3,church
3,Smithfield
3,infotravel
3,devil
3,Volunteering
3,emotions
3,traveling
3,holiday
3,Mark Passio
3,latestnews
3,Natural Law
3,redemption
3,health
3,best islamic
3,Spiritual Direction Training
3,Wendy Madia
3,true
3,webtravel
3,gaming
3,sniper
3,Faith in God
2,gift
2,orientation
2,maplestory
2,Style
2,original
2,whispers
2,gender
2,elena
2,government
2,philosophy
2,2014
2,sky
2,Short Film (Film Genre)
2,obama
2,Ladder
2,Howto & Style
2,Romans 12:1
2,Snapchat
2,I Am
2,#dbd
2,recession
2,organization
2,united
2,University of South Florida
2,drugs
2,dance
2,morality
2,punishment
2,Андрей Шаповал
2,awesome
2,Gimme
2,art
2,lgbtq
2,Animation
2,Human Rules
2,Big problems
2,Maryland REALTORS
2,film
2,in
2,7 virtues
2,burning bush
2,friends
2,power
2,freddie
2,MARWAN
2,biblical
2,ADIL
2,skins
2,Space
2,Faze
2,People & Blogs
2,depression
2,Hermetic Traditions
2,cat
2,Heroin Treatment
2,richard
2,FSBDC at USF
2,acceptance
2,trained
2,Alqansah
2,prayer
2,know God
2,One Month to Live
2,Hardship
2,montage
2,Of
2,retaliation
2,trust
2,name of God
2,Grace
2,Stackhouse
2,afterlife
2,digital
2,Election
2,penalty
2,Solution
2,Cities
2,teens
2,Catholic
2,cool
2,daily
2,multi
2,is
2,Yahweh
2,Successful
2,glbtq
2,fine
2,marriage
2,lamb
2,it
2,torture
2,Adekunle
2,Christianity (Religion)
2,john
2,perfection
2,koran
2,sarah
2,court
2,grassroots
2,Cooperation
2,Charis Bible College
2,resolution
2,writing
2,self
2,Epedemic
2,sovereignty of God
2,preservation
2,Lucas
2,Pastor Emmanuel Olowokere
2,ASH 2016
2,xdorkiified
2,vlog
2,kill
2,St. Joseph Cathedral
2,International
2,america
2,meditation
2,nina
2,slavery
2,muslims
2,birth of Jesus
2,knowledge
2,MAD BAD BIRDS
2,Achievement
2,Muslim (Literature Subject)
2,fox
2,good works
2,Allah Names
2,anniversary
2,Prayer (Quotation Subject)
2,New
2,glenn
2,Playstation
2,feminism
2,gsbc2017
2,Nonprofit
2,diaries
2,humanity
2,beautiful
2,reminder
2,Control Your Emotions
2,crime
2,tv
2,saints
2,Behavior
2,NewBranch
2,Solution Conference
2,Mental health
2,civil
2,Youtube
2,yt:quality=high: yt:crop=16:9:
2,All-India Muslim League (Political Party)
2,animated
2,CNN
2,ww3
2,HYDERABADI COMEDY
2,alternative facts
2,a quick reminder
2,creationism
2,Rug
2,family
2,history
2,Government Small Business Conference
2,school
2,joy
2,Sookie
2,outreach
2,The Seed of Life
2,Muslim Brotherhood (Membership Organization)
2,Recovery
2,Nintendo
2,clinton
2,epic
2,prejudice
2,John Hunter
2,believers
2,universe
2,action
2,qur'an
2,incarnation
2,separation
2,glorification
2,Barack
2,graphic design
2,shaytaan
2,Sony
2,fuck
2,Church (Project Focus)
2,artist
2,Andrey Shapoval
2,News & Politics
2,expression
2,me
2,charity
2,Spiritual Principles
2,students
2,Urban Areas
2,poverty
2,Reaction
2,heterosexuality
2,christian
2,republican
2,atheists
2,election
2,catholic
2,web design
2,clinical trials
2,Personal Relationship With God
2,Trump
2,Pastor(Profession)
2,truth
2,mcclair
2,beck
2,dating
2,humble
2,disagreement
2,Church Service
2,9445517050
2,just
2,free
2,animal
2,lead
2,Hell
2,Holy Spirit
2,CaseyNeistat
2,Strong Tower Parish
2,amazing
2,Sphere
2,eternal
2,Universal Law
2,Muslim World (Literature Subject)
2,Film (Media Genre)
2,aquickreminder
2,communism
2,GOD!s
2,design
2,Near Death Experience
2,blaire white
2,criticism
2,Joseph
2,protect
2,STP
2,Spiritual
2,you
2,Fox
2,Protest
2,being
2,Preaching
2,2222
2,Ivor
2,italian
2,How
2,freffy
2,Emmanuel Olowokere
2,Glory
2,debate
2,sacrifice
2,beliefs
2,existence
2,hadith
2,homophobes
2,pillar of cloud
2,Love
2,justification
2,values
2,theism
2,Instagram
2,YouTube
2,Future
2,HYDERABADI VIDEOS
2,theology
2,Flat Earth
2,diabetes
2,Twitter
2,suffering
2,brothers
2,Testimony
2,evil
2,effy
2,shaitan
2,civil rights
2,fundraising
2,More
2,Heroin 2017
2,passover
2,influence
2,glitch
2,desert
2,story
2,Nibiru
2,things
2,space
2,Biblical
2,cocaine
2,Occult Education
2,Compassion
2,fire
2,creative agency
2,light
2,facebook
2,party
2,dogs
2,jones
2,talents
2,gods
2,RAHIL-MARWAN
2,stonem
2,mep
2,MGUS
2,short film
2,editing
2,grace
2,Google
2,proving
2,Film (Film)
2,pillar of fire
2,blood
2,Travel
2,Spiritual Goals Examples
2,injustice
2,sexual
2,Spiritual goals examples
2,Chemtrails
2,vegas
2,propitiation
2,human rights
2,amv
2,Mary
2,Niyi
2,Heaven
2,designer
2,super
2,empowerment
2,Enoch
2,dobrev
2,judgment
2,short movie
2,my
2,Praise
2,eternity
2,LiveStream
2,exists
2,rich
2,tolerance
2,seo
2,New Year
2,Globe
2,dawkins
2,Time
2,Armenia
2,Canada
2,faux
2,PewDiePie
2,Tree
2,kiss
2,wilderness
2,Addictslivesmatter
2,st. joseph cathedral
2,Peace
2,homophobic
2,Jahovah
2,heroin
2,george
2,NDE
2,Sports
2,children
1,sweet
1,amazing dance
1,ShineALight
1,House
1,city of hope
1,Hovind
1,Business
1,yt:quality
1,American
1,Hoedown
1,Security
1,does love exist
1,Kent
1,President
1,adorable
1,libertarianism
1,Change
1,Feminism
1,ads
1,israel
1,first
1,SpirituaLGodlyHealing
1,gun
1,Kyrie
1,langauge
1,timelapse
1,personal
1,idk
1,provoke
1,imam
1,other
1,tucker carlson
1,arizona
1,Heroin Documentery
1,Sharia Law
1,Joy Suckers
1,grav
1,......
1,Womanizer
1,discipline
1,Invocation
1,who is Buddha
1,Murray
1,clean water
1,daily mass 2-3-17
1,exposed
1,muslim in netherlands
1,wister
1,daily mass 2/14/17
1,effeminate
1,Bible reading
1,Hardin
1,better
1,joe
1,iowa
1,hot dance
1,whr
1,Both
1,bees
1,daily mass 2-13-17
1,theater
1,philanthropic
1,dbtvbuffalo
1,Beautiful
1,deception
1,operating
1,Spirit
1,Capitol Hill Community Council
1,retards
1,college students
1,you are gonna fry in hell
1,Worlds
1,Mental Health America
1,Pro-Choice
1,billiever12
1,Alberta
1,follow
1,all
1,bieber
1,improbability
1,strength
1,laws
1,tell
1,Nephlim
1,Ayurveda
1,wisdom
1,senators
1,teachers
1,Toronto
1,groan
1,Sextuplets
1,#GiveThemChristmas
1,calderon
1,dogs 101 (tv program)
1,Gary McKinnon
1,glory of God
1,television
1,Stop
1,Он вам не Димон
1,opinion
1,Speech
1,Russell
1,2114
1,donate not dump
1,trolls
1,rosetta
1,#rewilding
1,reed
1,peacebuilding
1,Osment
1,realrelevantrelational
1,Self Improvement
1,Theism
1,Spiritual disciplines
1,bomb
1,Arkansas Bar Association
1,2015
1,ZAC POONEN SERMONS
1,ovarian cancer
1,anything
1,proven
1,Anthropology
1,prezi
1,obedience
1,as
1,Rob Greenfield
1,holli
1,high school
1,rosettaretailer
1,do good
1,who is Jesus
1,rape by muslim
1,Autism
1,dreadful
1,Медведев
1,animated ads
1,black history
1,biggest hacking US military networks in history
1,william
1,Swift
1,snipe
1,Stalking
1,Star Center
1,şaşırtan icatlar
1,Investment
1,AmplifyingTheLight
1,dials
1,torino
1,gray
1,looking
1,glitches
1,screaming
1,Hawaii
1,International Photos
1,Romans 12:2
1,Live Pasionatley
1,Crisis
1,not a feminist
1,knowing God
1,smith
1,Yiling Huang
1,muslim in switzerland
1,homosexual
1,umbral
1,guilt
1,Success
1,neverending
1,hunger
1,#ecology
1,acoustic
1,straight-acting
1,future
1,2016
1,atlanta
1,sex and cancer
1,compilation
1,bar
1,Joker
1,тунеядцы
1,villain
1,Private
1,SMM
1,Gang
1,hunt
1,Foundation
1,Candy Canes
1,Ad
1,validating
1,Stealing
1,program
1,fox news
1,seek God
1,2017
1,Family
1,proof
1,Evil
1,maryland realtors
1,meredith
1,predictions
1,community development
1,jordan
1,Compton
1,glorify
1,weather
1,schmidt
1,esmeralda
1,romantic moments
1,priests
1,export
1,9489050025
1,and Scout Tags julian smith
1,likely
1,what
1,Dancing the Dream
1,puppy
1,International Women's Day
1,Lost
1,Nathan
1,Lahkotah
1,rape
1,Sierra Club
1,Daily Mass 2/21/17
1,Florence
1,Fusion
1,products
1,Earles
1,science
1,St Michael's
1,advertising
1,retail incubator
1,best islamic lecture 2017 urdu
1,Syria
1,Looks
1,intimacy
1,scope
1,correlates
1,JR Health Tips
1,provincial news
1,AgentChange
1,made
1,forbidden tree
1,bigot
1,payer
1,cane
1,Informants
1,responsibilty
1,chela
1,Song
1,AWinterRose
1,tornado
1,Property
1,Democracy
1,Owned
1,fake
1,marah
1,sinful
1,batman
1,Wellness
1,Universe
1,rock
1,agility
1,health care
1,dame
1,dog agility sport
1,yt:crop=of
1,terrier
1,Bad
1,Newell
1,dant dard ky ilaj ghar main in urdu\/hindi
1,worldwide
1,international news
1,baldwin
1,buat lucu
1,shane dawson
1,Tsunami
1,democrat
1,gay-hating
1,Atomas Victory
1,Christmas Wish
1,japenese
1,ermon jones
1,anonymous - 10 anonymous triumphs
1,socialism
1,One Month
1,Motivation
1,Almighty I AM
1,guilty
1,tech
1,comedian
1,romantic music
1,Tragedy
1,notre
1,Lakota
1,Mali music
1,teenagers
1,Alexander
1,iran
1,Respect
1,four
1,troublemakers
1,motivation
1,thief
1,Action
1,illegal
1,longcut
1,Tarot Reading
1,New Years
1,femininity
1,Little
1,Weird News
1,SUN GAZING
1,ian
1,time management
1,masoorhon sy khoon ka desi ilaj 2 din main
1,cat fight
1,wildlife
1,good news
1,Spying
1,donor
1,FAQ
1,Fire
1,Animal Law Week
1,Anarchy
1,calzona
1,ust
1,election-related activities
1,The New Landscape Declaration
1,lytic lesions
1,prophecy
1,Housepital
1,ita
1,Personal growth
1,Memphis
1,Harssment
1,native
1,forever
1,free online
1,iMovie
1,old
1,We Made Ourselves Over
1,derek
1,Musso
1,evidence
1,Zakir Naik (Organization Founder)
1,Sustainability
1,surah
1,message
1,SUN GAZING HOW IT WORKS
1,sustainability
1,short movies
1,Custody Battle
1,gender gap
1,Nation
1,resurrection
1,Center for innovation
1,physical
1,framed
1,Declan
1,fathers
1,беларусь
1,argentina
1,etiquettefriends
1,Lunar New Year
1,Globalist
1,flaws
1,gathering
1,idea
1,TPS
1,finely
1,UNICEF USA
1,mordor
1,like
1,anthropocentric
1,Benson
1,kendraluehr
1,daily Mass Feb 16
1,Hindu Muslim fight
1,assurance of salvation
1,gove
1,painful
1,imaging
1,ความรอด
1,under
1,Bloc Quebecois
1,Seattle
1,discourage
1,nigger
1,Josh Lovell
1,mark 6: 14-29
1,cry out
1,malkin
1,mckinney
1,Holiday
1,gay rights
1,ideas at the house
1,Naughty
1,nonbelievers
1,genesis
1,Throwdown
1,battle
1,predicted
1,hindi romantic video songs
1,Adoption
1,bitchbaby
1,Jr
1,fountain street church
1,nonviolence
1,paul
1,Diplomacy
1,Chad
1,Mitchell
1,desert dance
1,animal activism
1,New Hope Hilo
1,Middle East
1,London
1,drink
1,search
1,Allah
1,tour
1,health tips of the day
1,students for liberty
1,#beaver
1,iCarly
1,why
1,Lynne
1,Spiritual awakening
1,Puckett
1,accept
1,nptech
1,world's best dance crew
1,sky bird
1,epidemic
1,yet
1,Sources
1,harder
1,food waste
1,entertainment
1,attitudes
1,SJR4
1,ow1
1,dog and cat
1,mccain
1,thanks
1,vines
1,Follow God's will
1,documentry india
1,2097: We Made Ourselves Over
1,flying birds
1,thin
1,commentary
1,milo yiannopoulos
1,fedele
1,Surveillance
1,Theist
1,gotta
1,sexual assault prevention
1,bird
1,nazo111
1,supreme
1,update
1,puma
1,israelites
1,White
1,dnc
1,cani
1,anthem
1,hereditary
1,brian d novis
1,Funny News
1,sooric
1,Uniting church
1,#wildlife
1,project
1,fine-tuned
1,день воли
1,Danwarp
1,redman
1,#Nonprofits & Activism
1,Ledger
1,public policy
1,total inability
1,said
1,Навальный
1,Blues
1,Sonichu
1,insurance exchange
1,daily mass 7/9/17
1,bread from heaven
1,Stay
1,iraq
1,Nagorno Karabakh
1,kristina
1,Hospitals
1,Mental Illness
1,birds
1,malik
1,trump
1,romantic picture video
1,insurance
1,inspiration
1,food rescue programs
1,procrastination
1,slashgashjokerwhore
1,causes
1,man
1,Arias
1,from
1,eating
1,Pastor John Hunter
1,Space Station
1,Okinawa
1,Pray
1,Peo
1,cancer hospital
1,liberal church
1,How to Find God
1,pirates
1,DevilDefeated
1,best islamic high school in usa
1,Blood
1,God's Will
1,NDP
1,Brooke
1,BL
1,muslim in asia
1,neglect
1,What is Spiritual Growtth
1,First Ray
1,going
1,Lenin
1,tajweed
1,sex after treatment
1,Will Potter
1,VP
1,volunteer
1,0208
1,immigration
1,#wildwood
1,anatomy
1,Twins
1,Schwartzberg:Happiness
1,Nonprofits and activism
1,kindness
1,an0n
1,box
1,MobilePack
1,interesting dance
1,hindi romantic movies full
1,moral
1,TLC
1,library
1,external
1,gioca
1,lift
1,millennial
1,El Morya Khan
1,New Hope Church
1,muslim in russia
1,Super
1,worst
1,mao
1,Buck
1,muslim in britain
1,Pride Foundation
1,russia
1,dip
1,you're
1,substitutionary
1,Do
1,radio
1,BCBSM
1,Cory Goode
1,deities
1,Climate Change
1,closeted
1,gandalf
1,exclusive: anonymous exposes u.s.a. plans for 2017 with trump (nwo) leak! (pls share) sofa
1,bring us to God
1,computer
1,Chris chan
1,famous
1,DLS
1,branding
1,Music Monday
1,call upon the name of the Lord
1,yt:stretch=16:9
1,good guys
1,community activism
1,homesafe
1,ev yapımı icatlar
1,beastly
1,ASH 2015
1,coffee
1,hindu muslim ekta
1,dünyanın en iyi icatları
1,anti trump
1,latest news
1,day
1,owning
1,subjective
1,map
1,พระเจ้า
1,nom
1,Disease
1,The Truth
1,halo
1,R.I.P.A.
1,Christmas List
1,United States Constitution
1,Revealed
1,castro
1,Beauty
1,buddha
1,uae dance
1,grant
1,potter
1,health tips
1,hillary clinton
1,Harvard Law School
1,questioning
1,tuhaf icatlar
1,Kathleen Robinson
1,pimp
1,Health
1,University of Michigan Comprehensive Cancer Center
1,4/12
1,bondage
1,2097
1,Tibet
1,sun
1,create
1,pimpx
1,Minorities In America
1,dictator
1,fiqshun
1,Cosgrove
1,islamic videos songs bangla hd
1,cp
1,free-market
1,tallahassee community college
1,disable auto play
1,blessings427
1,Chinese
1,use of time
1,overprotective
1,conservative
1,romantic moments the love
1,biology
1,Queer Activist
1,damned
1,bread of life
1,Newfoundland
1,xvampiireheart
1,sexism
1,year
1,lestat
1,Superbowl
1,broadway
1,pharoah
1,mark
1,tallahassee
1,flamboyant
1,Conservation
1,hindi romantic songs new
1,kids
1,killed
1,link123456
1,cats
1,promoting
1,무아지경
1,Dr. Dean Radke
1,studios
1,hindi romantic picture
1,endorsing
1,bit
1,Human
1,digital agency
1,tairyo-bata
1,romance songs
1,Blast Theory
1,donnivin
1,pregnant
1,Gabe
1,blasphemy
1,sign
1,Food
1,this
1,Abused
1,tuhaf buluşlar
1,St. joseph cathedral
1,Kiss
1,dr geneva williams
1,NCC
1,Arkansas House
1,Artsakh
1,Arkansas Judges
1,mark 8: 14-21
1,Women
1,Banned
1,Occult
1,however
1,fundamentalism
1,soviet
1,ever
1,religion documentary
1,hindu
1,Youtube Video
1,Emily
1,Phone
1,cartoon
1,Blue Cross Blue Shield of Michigan
1,Luke 2: 22-40
1,Means
1,police
1,tree of like
1,basis
1,eskimo
1,masculinity
1,Ian Thomas
1,OVERRATED ZELDA
1,cato institute
1,dadri lynching
1,anti feminism
1,sharonafox1
1,Australian
1,repent
1,hindu muslim riots
1,services
1,eng
1,published
1,DicKev
1,True
1,muslim in canada
1,Foreign affairs
1,marcialee
1,Dystopia
1,классифицировало как крупнейший взлом военных сетей США за всю историю
1,gilbert
1,arabic dance
1,communion with God
1,dyke
1,inequality
1,familys
1,maid
1,yourself
1,Franklin
1,romance
1,Scott
1,Billy Epperhart
1,hand
1,GOW
1,thumbelina
1,St. Lucia
1,donate food
1,HLS
1,Delusion
1,On
1,loving
1,problem
1,McCurdy
1,barr
1,muslim rape
1,Blackout
1,Digguitz
1,gow
1,Humanities
1,romantic songs
1,elect
1,amazing donkey
1,exclusion of the olympic games 2016
1,#bibleprophecy #watchers #endofdays #iwillnotshutup
1,activity
1,campus
1,End It Movement
1,auto
1,dünyanın en ilginç icatları
1,romantic picture
1,sailors
1,regions
1,in the beginning god
1,disbelief
1,quality
1,Conspiracy
1,onisionspeaks
1,starting
1,Mobbing
1,예수
1,harry
1,amaze
1,sjw
1,streetdance
1,godfidence
1,Happy
1,the life of Buddha
1,xX
1,security
1,Panvel
1,Province
1,Xx
1,Dreams
1,foundations
1,homosexuals
1,arts
1,discovery
1,hilarious
1,Secret
1,Disaster relief
1,Washington
1,omnicide
1,musical
1,business
1,Joe
1,SirKevinMartin
1,jiggaboo
1,palin
1,atheist experience
1,Louie Schwartzberg
1,how
1,Macnab
1,Spiritual formation
1,Anna
1,Public Health Crisis
1,latte
1,muslim in australia
1,22
1,Hannah
1,jedi
1,donald trump
1,h8
1,A21Campaign
1,3v3
1,Social Good
1,Around the World
1,YemSom
1,Money
1,bki
1,fire man
1,english
1,Israel
1,justin
1,#Film & Animation
1,Sky
1,TMZ
1,Work
1,Value
1,Flatearth
1,Latest Videos
1,each
1,help
1,шествие
1,Give
1,Laugh
1,Building a Green Community
1,gay pride vs straight mistakes
1,green building
1,WTXL
1,blah
1,danton sy khoon aany ka desi nuskha
1,proteasome inhibitor
1,Celebrities
1,สานสัมพันธ์
1,master leadership strategist
1,Deception
1,romantic
1,millennialimpact
1,ความรัก
1,hindi romantic songs collection
1,political science
1,tmz
1,INIE
1,pop
1,wowp
1,privilege
1,eye
1,stars
1,Choice
1,Vivitrol
1,no
1,NCF
1,Laws
1,store
1,val
1,Crazy
1,romantic songs hindi
1,yang
1,today
1,ron
1,Opioids
1,stalin
1,PatrickDempsey
1,Heroin Withdrawl
1,achieve
1,Daily Mass 2-2-17
1,Interview
1,Merry
1,adad and eve
1,curse
1,angel of God
1,autologous stem cell transplant
1,know Christ
1,scientology
1,morve Villaage
1,ffministry.com
1,xFYCNx
1,Heroin Help
1,promised land
1,bee
1,What is Spiritual Growth
1,Jamie
1,oil
1,Cell
1,Buddha teachings
1,Walt
1,not-for-profit
1,Canbera
1,socioeconomic
1,SkullBones
1,jessa crispin
1,Human Resources
1,onesti
1,High
1,Uptopia
1,repo
1,deliverer
1,oreilly
1,families
1,What is spiritual growth
1,Painkillers
1,lakotah
1,furukawa
1,law
1,Единая Россия
1,scandal
1,college student
1,Charter for Compassion
1,Prayer to the holy spirit
1,Europe
1,victory
1,Auto & Vehicles
1,chosen
1,belle
1,RoboGod
1,New Branch
1,instrumental
1,socioeconomic equity
1,GULLU DADA
1,malk
1,other dance
1,improbable
1,burning
1,YOUTUBE
1,trailer
1,cute
1,guns
1,cat vs dog
1,blossomrodgers
1,Dance
1,success
1,random
1,Evangelism
1,retail
1,Motivos
1,Futurologist
1,MP
1,italy
1,opera
1,strong public pressure
1,25
1,soul
1,LGBTQ MBAS
1,romanticas
1,muslim short film
1,Public health
1,ffm.tv
1,inspirational women
1,Pastor Sheldon Lacsina
1,virgin conception
1,OTH
1,religiousviews
1,PennDesign
1,I AM
1,crisis
1,perseverance
1,cnn
1,not
1,luke
1,kinjaz
1,islamic video
1,Diabetes
1,mark7: 31-37
1,stalking
1,libertarian
1,fellowship
1,be
1,part
1,rescue
1,rings
1,sloan
1,Institute for nonprofit innovation and excellence
1,months
1,Taylor
1,BBC
1,sexy
1,orcs
1,functional
1,Queer Voices
1,multi-fandom
1,Season
1,hindi romantic movies
1,Cop
1,Disney
1,daily mass 2/10/17
1,Miley
1,twister
1,hour
1,asian
1,animal fictional character
1,U.S.
1,prophecies
1,claire
1,IVA
1,Sydney
1,larry
1,Low Vision
1,polls
1,political philosophy
1,What
1,el yapımı buluşlar
1,protests
1,Tyra
1,too
1,flesh
1,cynthia
1,hindi romantic songs old
1,Advertising
1,isis
1,diet
1,uae show
1,greys
1,constituent
1,nerdfighter
1,ZELDA BREATH OF THE WILD OVERRATED
1,aragorn
1,lubricant
1,dead
1,jokersweeneyledger
1,Proof
1,New Brunswick
1,US Fund for UNICEF
1,Mass
1,sex after chemo
1,infinite
1,thunder
1,reason
1,music play online
1,Best
1,DIY
1,probability
1,pot
1,Leadership
1,garden
1,auto play
1,vicarious
1,theory
1,would
1,through
1,service
1,basebuilding
1,quinn
1,top
1,Love Dance
1,WHATTHEBUCKSHOW
1,liberties
1,SkullAndBones
1,Heroin Rehab
1,entrepreneurship
1,Grocery stores
1,ucc
1,Till
1,god saved me
1,may
1,Empowering
1,wwe
1,DrShepard
1,Candy
1,import
1,Isle of Wight
1,ninlaro
1,daily health tips
1,Muslim
1,funny video
1,Sharon
1,onthehunt
1,Championship
1,effeminacy
1,#donatenotdump
1,Buddha religion
1,grattitude
1,Pastor Alberto Fernandez
1,tuning
1,Aleppo
1,julian
1,masculine
1,wellness
1,innovation
1,islam in sweden
1,Ascension Light
1,Sam Troyer
1,Communication
1,2008
1,membership
1,Sugar
1,Japan
1,sinners responsible
1,one
1,Rising
1,MHA
1,#News
1,turin
1,activation
1,LGBT UC Berkeley
1,recetation
1,hatred
1,Magi
1,muslim in japan
1,Hermetic traditions
1,Heroin Recovery
1,Freedom
1,oceanographergirl
1,CatholicVote.com
1,robotnik
1,Jenkins
1,EPA
1,professional speaker
1,heroine
1,Mali Music
1,doctrines of grace
1,worldliness
1,health insurance
1,romans
1,Queer Seattle
1,knowing Christ
1,own
1,anthropocentrism
1,Times
1,Iluminati
1,Prayers of the rosary
1,Cat
1,feel
1,biden
1,Watchmen
1,toxic
1,SettleGraceHospital
1,hostage
1,Michael
1,geo-engineering
1,Kate
1,Far
1,prosper
1,Baghanis
1,Handicapped
1,nazgul
1,exist
1,eric
1,Passion
1,immoral
1,Catholic spiritual direction
1,wish
1,Sales Video
1,china
1,Jackson TN
1,avery
1,брест
1,disbelievers
1,bristol
1,feelings
1,rnc
1,merder
1,liberty
1,bill
1,thedisneystarzz
1,reconnect
1,caratteristiche
1,appsmobiletax
1,college
1,tax policy
1,andrey shapoval
1,incorruptible seed
1,sovereignty
1,10 anonyous triumphs
1,omnipotence
1,Global Issues
1,Idea
1,#hoa
1,ireland
1,elderly
1,ambitionzz
1,harley
1,darwin
1,Hull 2017
1,Britney
1,king
1,bread
1,OPTICAL
1,trans
1,Treament
1,Commons
1,mlk day
1,voldemort
1,white bood count
1,guest
1,metrowest
1,adoption
1,Citizen
1,meteorology
1,california
1,hindi romantic songs video
1,victim
1,Roe
1,fidel
1,creativity
1,arrogance
1,bikin ketawa
1,Truther
1,Innocence
1,buddha of mississippi
1,heroes
1,robinson
1,relationship
1,press forward
1,Why
1,abbaia
1,Abortion
1,Food Waste
1,heath
1,Natural disaster
1,Presents
1,Elbothehedgehog
1,remixed
1,Bush
1,sun dog
1,Christian race
1,Arkansas Senate
1,CatholicVote.org
1,XJERRIEX
1,instructional
1,hades
1,ownage
1,Mark 7: 31-37
1,Lovato
1,Crushes
1,Adisco
1,headshots
1,islamic videos in urdu
1,firstborn
1,staying
1,animale
1,69Caty69
1,storm
1,know the Lord
1,Shuttle
1,comedy
1,;D
1,whale
1,longer
1,Ascended Master
1,Public Policy
1,aph
1,desires
1,heathcare
1,on the way short film
1,Klum
1,Psychology
1,Mantra
1,anonymous - exclusion of the olympic games 2016
1,neuroscience
1,abundance
1,Karen Francis
1,thurman
1,şaşırtıcı icatlar
1,GOOGLE
1,jacob cramer
1,Jon
1,antebellum
1,adam and eve
1,Lesbian MBA
1,experience
1,Personal relationship with god
1,saulo
1,queen
1,spears
1,diocese of buffalo
1,Cry
1,Diocese of Buffalo
1,christians
1,irreligion
1,top 10
1,agreement
1,threat
1,see Christ
1,Man
1,okazaki
1,interest
1,Bravo
1,Human Rights
1,secularism
1,books
1,spelling
1,Big Data
1,Prescription
1,soros
1,espoused
1,funny video of donkey
1,callie
1,ASL
1,muslim refugee
1,Moises
1,latest dance
1,#lynx
1,Hate
1,LGBT Berkeley
1,ray
1,Orbit
1,LGBT MBAS
1,buddyhuggins
1,Jennette
1,city
1,miscarriage
1,Gospel homily Feb 13
1,holy people
1,listening
1,legalize
1,Charge Controllers
1,violence
1,breast cancer charity
1,rape in sweden
1,webber
1,sergey
1,omniscience
1,o'reilly
1,libertarianismdotorg
1,unicorns
1,student
1,holidays
1,relationships
1,Court
1,Jonas
1,Peringatan Tsunami Aceh
1,beekeeping
1,climate change
1,chats
1,faithful
1,young americans for liberty
1,Catholic evangelization
1,disproving
1,Jason
1,milk
1,nonprofits and activism
1,Populism
1,spiritual appetite
1,attacks
1,YTO274
1,tax
1,Orphans
1,veggie
1,legalization
1,pk
1,lies
1,Endtimes
1,Urban Planning
1,activist
1,know
1,buddha from mississippi
1,Policing
1,outrage
1,bitterness
1,Russia
1,Catholic Evangelization
1,dieren
1,Landscape Architecture Foundation
1,Garrett
1,citizens
1,realtors association
1,health tips in hindi
1,Exists
1,runescape
1,Madelyn
1,beauty
1,decision
1,girl
1,Self
1,dads
1,blaming
1,good for her toronto
1,c0ct0pus
1,rape prevention
1,email
1,dünyanın en şaşırtıcı buluşları
1,jessica
1,tuned
1,satisfaction
1,Boy
1,Aliens
1,Food Waste Activism
1,praise
1,Social Justice
1,principle
1,sustainable living
1,win
1,beating
1,spreading kindness
1,MrClark
1,maternal
1,hindu muslim unity
1,you are gonna
1,Mission
1,sufficiency
1,public pressure
1,dünyanın en şaşırtıcı icatları
1,Zionist
1,raise
1,The Seven Holy Founders of the Servite Order
1,Live
1,Disabled
1,journalism
1,closet
1,Ontario
1,theme song
1,lobbying
1,SandraOh
1,all about women
1,selection
1,Sun
1,dant dard
1,redeem
1,prove
1,bank
1,Kane
1,daily mass 2-17-17
1,Dog Attacks Cat
1,RVA
1,testament
1,Demi
1,stormtalk365
1,spiritual life
1,federal
1,Fighter
1,good
1,higher self
1,nurse
1,time
1,TTM
1,neuroimaging
1,liz
1,Art Promotions
1,surgeon
1,flame of fire ministry
1,Mark
1,Siri
1,CCCP
1,Columns
1,Danity
1,cucciola
1,gratitude
1,Коррупция
1,Manna
1,New year
1,Stand For Hope
1,Documentary
1,Assistive Technology
1,PRANK IN HYDERABAD
1,charmander
1,unlikely
1,Liberal
1,wrong
1,Atheism (Religion)
1,disprove
1,hacker
1,order
1,whirlpool
1,Dr Francis Macnab
1,kaichou
1,This
1,marijuana
1,Memphis Protest Against EPA Nominee
1,immigation
1,devotion
1,make
1,date
1,europa
1,Louie
1,vegetarian
1,Georgia
1,birds attack
1,giants
1,real
1,Gunn
1,Piece
1,dolphin
1,arrogant
1,nader
1,nonprofits &amp;amp; activism
1,heteronormative
1,Galbraith
1,anasbarak
1,Away
1,playing
1,Natural Law Educational
1,sensation
1,refugees
1,psa
1,alcohol
1,Career
1,Sam
1,assertively
1,omnipotent
1,give card
1,same-sex
1,hindi romantic
1,Mark 4:28
1,ixazomib
1,neural
1,the toy
1,fukushima
1,Vanessa
1,captivity
1,Antichrist
1,tribute
1,Peak
1,grey
1,relationship to God
1,union
1,Faith in god
1,sex and health
1,mark 8: 34-9:1
1,holt
1,itz
1,catoinstitutevideo
1,Nintendo Switch
1,finale
1,cast
1,graverobber
1,eight
1,buffalo diocese
1,scream
1,spirituality
1,Dumpster Diving
1,Share
1,fellowship with God
1,Hand
1,antichrist
1,probable
1,NBC
1,dorme
1,Romance
1,system
1,Australia
1,God is real
1,Shaquelle
1,Alberto Fernandez
1,return
1,mp3
1,Robertson
1,neurology
1,raped
1,subliminal
1,Williams
1,Canadian news
1,hindu muslim love story
1,islamic videos
1,signs from God
1,poop
1,she
1,Brucas
1,cross
1,Aarhus 2017
1,GATMAN
1,hypocrisy
1,elizabeth
1,Anarchism
1,sunday
1,craig
1,#environment
1,Palin
1,Arkansas Law
1,magic dance
1,retailer
1,Tsunami Aceh
1,geneva williams
1,Decree
1,crowen
1,couple
1,Targeted
1,Yel yel
1,sexual violence speaker
1,dreams
1,Movie
1,women's issues
1,crowdfunding
1,Miranda
1,organizing
1,donations
1,student libertarian movement
1,illegal immigrants
1,spora
1,downtown tallahassee
1,SkyKel
1,NASA
1,Heidi
1,troops
1,plagues
1,opioids
1,Nickelback
1,enya
1,#hangoutsonair
1,United States Law
1,Viagem
1,renewable energy
1,spoilers
1,nuke
1,vs.
1,Response
1,11-15-16
1,possessions
1,tears
1,Last Days
1,mandymoore
1,life of Buddha
1,gondor
1,cope
1,overdose
1,totourial
1,eso
1,End Times
1,michelle
1,seed
1,Gaben
1,spirit
1,천국
1,Help
1,Hill
1,Oneal
1,Marines
1,Son of God
1,Find God's will
1,righteousness of Christ
1,swan
1,care
1,live show
1,spiritual discipline
1,owen
1,12
1,Carly
1,innocent people
1,hdr-cx550v
1,Law of attraction
1,chemical
1,Tory
1,comportamento
1,Law
1,apps
1,mind
1,Investigation
1,mika
1,hello
1,novel agents
1,dear
1,skoal
1,служение
1,bowl
1,idolatry
1,athiest
1,muslim in hungary
1,Hangouts On Air
1,teens going gay
1,auto-play
1,muslim immigrants
1,tvd
1,Self improvement
1,masooron se khoon aana
1,God's word
1,Wisemen
1,jewish
1,immutable
1,nervous
1,cringe
1,Crime
1,jigga
1,usui
1,Billy
1,Sell
1,Judiciary
1,muslim in europe
1,White Fire Core
1,Aarhus European Capital of Culture
1,eduardo
1,stop
1,summer camp
1,sama
1,speech
1,Airplane
1,Arkansas Supreme Court
1,flame of fire
1,Çılgın icatlar
1,Rethink Breast Cancer
1,soci
1,Protestor
1,forums
1,thunderclouds
1,Instrumental
1,cornwall
1,coming out of the closet
1,moar
1,Social Change
1,autoplay
1,islamic videos youtube
1,nagisa
1,Davis
1,music videos
1,muslim in italy
1,white birds
1,definition
1,best islamic private school in usa
1,youth
1,fights
1,gblt
1,clean air
1,online
1,MUZAFFARNAGAR Short Film
1,pokemon
1,reconciliation
1,separate
1,Ticketed for Dumpster Diving
1,generational
1,dubai girls dance
1,word became flesh
1,Random
1,Kent Hovind (Convicted Criminal)
1,how to have sex post cancer
1,federation
1,hindu muslim friendship
1,patterns
1,Hull UK City of Culture
1,Judicial Activism
1,Christian life
1,S6
1,6x23
1,http://nina-dobrev.us
1,flat earth
1,breast cancer
1,bullshit
1,joker
1,choir
1,#scotland
1,shooting
1,oneyear
1,Obamacare
1,jackson
1,muslim in germany
1,entity
1,Flame of Resurrection
1,st Blaise
1,rejoice
1,scenery
1,Dome
1,Nick
1,Be
1,usa
1,protection of climate
1,Luke
1,gathering day
1,shepard
1,Literacy
1,андрей шаповал
1,start a nonprofit
1,rated
1,play
1,incredible support
1,matt
1,Floyd
1,Elohim
1,watch online
1,fixed
1,Dead
1,PRODIGY
1,декрет
1,OVERRATED ZELDA BREATH OF THE WILD
1,miranda writes
1,chance
1,Sneak
1,teleological
1,Lawyer
1,Theology of Baptism
1,YTO
1,6x24
1,pets
1,Heroin Story
1,Exclusive Speech
1,scrubs
1,Pastor Alberto
1,frontline therapies
1,disney
1,Joy
1,believe
1,holy
1,sexuality
1,Hilo
1,Its 2097
1,Yerevan
1,scripture memory
1,Rocket
1,whiskey
1,marcy
1,Savior
1,the word became flesh
1,brutality
1,African
1,Gosselin
1,NFLballa156
1,#animals
1,Kind
1,environmentalism
1,women's empowerment
1,Summit on Landscape Architecture and the Future
1,Disgusting
1,prop8
1,Northman
1,song
1,skydive
1,winter
1,tomoya
1,institute
1,charles chappell
1,pictures
1,Shaq
1,KevinMcKidd
1,bob
1,insurance marketplace
1,visibly gay
1,recovery
1,ralph
1,health tips in urdu
1,brin
1,Workers
1,SatandeFeated
1,misery
1,fundamental
1,7 Virtues
1,urgo
1,Climate Chaos
1,International relations
1,spider
1,bad
1,romance songs playlist
1,Clinton
1,#wolf
1,G20
1,Rob Skiba
1,Top
1,Freddie
1,Climb
1,lord
1,Irving
1,appsnonprofit.org
1,middle
1,Kyrie Irving
1,Craig Emmit Cole
1,bailey
1,Psalm 19:7
1,Piciu
1,Skarsgard
1,matt dillahunty
1,John 8:32
1,Divorce
1,Mir
1,Dark
1,college speaker
1,Imagination
1,brain
1,Socialism
1,Personal Freedom
1,darh dard ka fori
1,Biden
1,genocide
1,Dumpster Diving for Food
1,Gangstalking
1,E23
1,Mark 8: 22-26
1,trump supporter
1,nuclear
1,urgo6667
1,Last
1,ada-ada saja
1,little
1,MannaPack
1,Starbucks
1,antiwar
1,Pretty
1,men
1,skydi
1,proposition
1,Future Cities
1,One
1,Foreign Law
1,март
1,april
1,get
1,caves
1,diner
1,Body language
1,Impact
1,Humanitarianism
1,barack
1,youchew
1,JustinChambers
1,belly dancing
1,el yapımı icatlar
1,how can I know if I am elect
1,Monoclonal gammopathy of undetermined significance
1,3rd World
1,buddy huggins
1,Димон
1,Bill
1,heteronormativity
1,britney
1,watchmen
1,Happiness
1,Benefit
1,Voting
1,FMSC
1,inspiring
1,Psalm 139:14
1,MSM
1,demanding
1,gayadoption
1,Donnivin Jordan
1,hillary
1,ground
1,mormons
1,fire show
1,Жулики и воры
1,Banks
1,chew
1,sydney opera house
1,How to Charge the Joycons for Nintendo Switch
1,Future predictions
1,roger
1,stop auto play
1,Believe in Zero
1,Lambda
1,Fighting the Heroin Stigma
1,B.C.
1,aids
1,superwoman
1,outdoors
1,halo3
1,ONEArmenia
1,operation
1,Foster
1,Eric
1,E24
1,swat
1,hindu muslim movie
1,Weapons
1,€uropa
1,teddy
1,BSRI
1,Sucking
1,Me
1,Harvard University
1,Donkey of the day
1,Wildlife Services
1,Courts
1,Our Lady of Sorrows
1,Science Fiction
1,hypocrites
1,attack
1,โบสถ์
1,heterosexism
1,Charity
1,Tim
1,Heath
1,advice
1,Sustainable Development
1,activists
1,misaki
1,millennials
1,social entrepreneurship
1,BREATH OF THE WILD IS OVERRATED!!
1,Think tank
1,disable
1,Koi Dance
1,god spoke
1,kyu-shogatsu
1,chuck
1,Spiritual warefare prayers
1,education
1,митинг
1,Society
1,innocence
1,Mark 9: 30-37
1,today in history
1,llewellyn
1,Epidemic
1,Genesis
1,2016 Happy New Year| love | peace | Happiness | Humanity
1,smoldering multiple myeloma
1,maybe
1,xjedi
1,planet
1,papacy
1,Monitoring
1,legalizes
1,clothes
1,redeemer
1,vibrator
1,Snitches
1,food rescue program
1,Сеть компьютеров Пентагона
1,photographe
1,Good Samaritan Food
1,genetic
1,Word of God
1,minority
1,dünyanın en ilginç buluşları
1,dharma
1,prohibition
1,Nice Boy
1,raising
1,neurochemistry
1,ChandraWilson
1,McCain
1,Ghana's best dance crew
1,Life eternal
1,FPS
1,doom
1,Olympic
1,public
1,everybody's
1,Mady
1,Road to the Ironman Triathlon ONE MILE AT A TIME
1,ledger
1,pictures of Buddha
1,favoritism
1,lady
1,Presidency
1,Paquin
1,set free
1,Inauguration
1,Sci fi
1,Commercial
1,sovereign grace
1,Spears
1,awsome
1,Plus
1,Food Aid
1,skybird
1,training
1,war on drugs
1,Latest Photos
1,muslim in u.s
1,Tarot
1,Spies
1,Resist
1,Tony Moyer
1,teleology
1,Data
1,Just say no
1,NetSquared
1,God's will
1,Asks
1,gomez
1,Individuals
1,gunman
1,Environmental Protection Agency
1,TN
1,50%
1,E.S
1,#petersmith
1,rabbit
1,extremism
1,st joseph CATHEDRAL
1,honesty
1,dillahunty
1,reactions
1,Ray
1,lenin
1,wa
1,Exclusive Videos
1,independent
1,it was renamed
1,Behaviorial Health
1,Cyrus
1,intrumental
1,regeneration
1,Arkansas Senate State Agencies & Government Affairs
1,visit
1,Victoria's
1,sex cancer toys
1,muslim in france
1,gsw
1,คริสตจักร
1,Baptism in the Spirit
1,fukishima
1,blaming the victim
1,Wade
1,LGBT Students
1,Watchman
1,ZAC POONEN
1,Tax
1,D:Zakir Speech
1,New video
1,Capitalism
1,health tips for men
1,Kappa
1,lactose
1,perfectly good food
1,beautiful birds
1,EndTimes
1,нетунеядцы
1,clannad
1,Deepercutt
1,librarians
1,cucciolo
1,room
1,pence
1,egypt
1,Gay MBA
1,grcc
1,MY GENESIS SUNRISE WITH ZAC POONEN. 6ISH - 7 30 AM
1,civil war
1,sins
1,honey
1,lexie
1,fucking
1,diety of Christ
1,dünyanın en çılgın icatları
1,drill
1,Montana
1,right
1,PRANK
1,Transportation
1,Arkansas Legislator
1,Arrested for Dumpster Diving
1,Sophia
1,Girl
1,dünyanın en iyi buluşları
1,Kidney
1,cwalk
1,does god exist
1,eclipseofmyheart
1,RAHIL
1,dog
1,homily Feb 21
1,aliens
1,slaves
1,anthropic
1,Empathy
1,fromunderabridge
1,оппозиция
1,Steeper33
1,aproximam
1,observation
1,Buddha
1,inside
1,mask
1,dog fight
1,after
1,Colossians 2:8
1,anon
1,transfigure
1,Pro-Life
1,creator
1,sketch
1,GeoregeWBusg
1,LGBTQ Seattle
1,Nonprofits & activism
1,rebekah
1,transfiguration
1,Torch
1,Spiritual direction training
1,fag
1,somerhalder
1,Michigan
1,social justice
1,lane
1,dubai dance
1,unbelievers
1,Ottawa
1,gak kuat
1,HD
1,7666998577
1,Jamia Millia Islamia
1,HopeForJusticeInternational
1,Marine Corps Installations Pacific
1,IRF
1,halo sky
1,Saskatchewan
1,startup
1,caribbean
1,regret
1,Arkansas Constitution
1,lockdown
1,Civillian
1,2010
1,Covert
1,Salvation
1,warming
1,maryland legislative session
1,Aurvedic Village
1,team
1,barak
1,Teaching
1,dünyanın en çılgın buluşları
1,human
1,nostradamus
1,South
1,magic
1,USSR
1,Luke 24:13
1,Knight
1,dipping
1,hunchback
1,Arkansas Lawyers
1,Shay
1,Music Education
1,liberal
1,mark 8: 27-33
1,virgin
1,deity
1,mainstream media
1,hindi romantic songs
1,Lights
1,karev
1,feminine
1,an
1,Aushadhi
1,#god test yo
1,A.
1,Order
1,Kress
1,Mark 8: 14-21
1,Democrats
1,innocent
1,daily mass 2-16-17
1,selena
1,SWITCH BREATH OF THE WILD OVERRATED
1,Seddie
1,fake news
1,александр Евсюков
1,we
1,who
1,zezima
1,codfee
1,The holy spirit
1,Rejected
1,Beijing
1,women
1,relate to God
1,spearming
1,America
1,Posthumus
1,answer
1,Save a life
1,us
1,Centers
1,angel of the lord
1,instruction
1,ujc
1,DLSsucks
1,incredible news
1,american eskimo
1,phone
1,georgia
1,elevator
1,nonbelief
1,food
1,Hoax
1,economics
1,disciples
1,logic
1,Purpose
1,clouds
1,Prophetic
1,Demonstration
1,марте
1,NAMI
1,shoot
1,spiritual
1,Intelligence
1,protest
1,Paul Milligan
1,CWC
1,You
1,banIsrael
1,The Atheist Experience
1,critical
1,constants
1,italiano
1,stuart
1,divine
1,LGBT Haas School of Business
1,factor
1,Children First
1,nexus
1,onision
1,democratic
1,best islamic song in the world
1,MCIPAC
1,beast
1,page
1,films
1,clean energy
1,Adam
1,National Alliance on Mental Illness
1,Marc Jordan
1,blessing of throats
1,ACA
1,ascension
1,terrorism
1,people
1,vanessa
1,damon
1,Antihuman trafficking
1,anas
1,Eight
1,Feed My Starving Children
1,czarownicykot
1,coming out
1,breast cancer information
1,Israh
1,Watch
1,Anti-terror
1,pet
1,Accra Aca
1,comment
